Product Name,Category,Price,Code,imageLink
Pringles,Chips,"80,000",196,
Dragon chips 15g,Chips,"10,000",6924514651698,
Fantasia 34g,Chips,"20,000",1124,
makino chips 37gr ,Chips,"45,000",6924514651503,
master chips 80g,Chips,"50,000",453,
master chips small 16gr ,Chips,"10,000",452,
Master Corn Puffs 170g,Chips,"75,000",6924514652297,
Master Slims chips 20g,Chips,"40,000",1640,
ORO Rings 100g,Chips,"50,000",1753,
Avila Chips 200g,Chips,"45,000",6924514651904,
ringo chips 17g,Chips,"10,000",358,
Ringo Flavored Chips,Chips,"30,000",6924514651741,
Ringo slices 30 g,Chips,"20,000",602,
Rusky Bakes,Chips,"15,000",6924514652371,
sitos chips 20g,Chips,"10,000",451,
snips Pretzels Knocks 250g,Chips,"100,000",1532,
Snips Pretzels Knots 30g,Chips,"20,000",1623,
takis 35gr,Chips,"90,000",477,
baker pretzels 250gr ,Chips,"150,000",6924514651622,
Aflora Green Peas and Carrot 400g,Frozen,"220,000",6924514651902,
Broasted Chicken Tip Top 800g,Frozen,"800,000",252151,
Kwik chicken escalope 500g,Frozen,"620,000",6924514651808,
PL SOL Onion Rings 300g,Frozen,"280,000",6924514651812,
Pastry Fawzi Sheets Puffs,Frozen,"200,000",1597,
Pastry Fawzi lahm b ajin sheets,Frozen,"140,000",1596,
Samki Harra 500g,Frozen,"670,000",252202,
Kibbeh Michwiyeh Meat 2 pcs,Frozen,"380,000",252205,
Grape Leaves Meat 750g,Frozen,"770,000",252201,
chicken strogonoff 400g,Frozen,"520,000",252203,
Chicken Burger 800g Tip Top,Frozen,"500,000",252153,
Chef Fawzi Sambousek cheese,Frozen,"120,000",252265,
Chef Fawzi cheese sticks,Frozen,"130,000",252264,
Cheese Borak pastry,Frozen,"300,000",252218,
PL SOL Spinach 400g,Frozen,"190,000",6924514652252,
Pl SOL Wedges 900g,Frozen,"330,000",6924514651837,
quick catch ,Miscellaneous,"850,000",252168,
Rat poison bag,Miscellaneous,"60,000",1557,
Roasting bags,Miscellaneous,"60,000",1395,
scissors,Miscellaneous,"50,000",6924514651778,
sewing needle,Miscellaneous,"20,000",1342,
shaving brush ameca,Miscellaneous,"90,000",1069,
Show Shoe Cream 50ml,Miscellaneous,"80,000",1543,
argili pipes,Miscellaneous,"200,000",404,
astor bic 1 piece,Miscellaneous,"25,000",593,
powder cockroach killing bait,Miscellaneous,"15,000",6924514651750,
Play cards,Miscellaneous,"200,000",6924514651715,
plastic spoons and forks,Miscellaneous,"60,000",6924514652395,
Plastic Pins x24,Miscellaneous,"70,000",1313,
plastic maknasa,Miscellaneous,"80,000",355,
Plastic eco Cups x100,Miscellaneous,"60,000",1506,
Plastic Cups 270 x50,Miscellaneous,"120,000",6924514652391,
Pif Paf Insect Killer 300ml,Miscellaneous,"180,000",6924514651496,
Siglo mosquito repellant,Miscellaneous,"130,000",1303,
Sweet cotton mop,Miscellaneous,"140,000",6924514651799,
al zahra kids powder,Miscellaneous,"120,000",332,
top bandage,Miscellaneous,"4,000",1194,
Yaolin articles x4,Miscellaneous,"50,000",1305,
Yahya charcoal quick flame,Miscellaneous,"60,000",6924514651656,
yaduo large scotch,Miscellaneous,"100,000",734,
xsmart blades x5,Miscellaneous,"111,000",6924514651424,
wtaawt stainless blades,Miscellaneous,"41,000",6924514651360,
wood clothes pins x20,Miscellaneous,"50,000",63,
women socks,Miscellaneous,"18,000",398,
tips argili,Miscellaneous,"20,000",338,
Voltran gas 300ml,Miscellaneous,"100,000",6924514651362,
achata wood covered stick,Miscellaneous,"50,000",500,
al waha maknasa,Miscellaneous,"165,000",1760,
phonex lighter ,Miscellaneous,"20,000",1084,
argili charcoal ,Miscellaneous,"160,000",786,
volcano,Miscellaneous,"30,000",403,
Vileda Sponge Cloth x3,Miscellaneous,"220,000",6924514652116,
Vileda Pannonuovo x2,Miscellaneous,"320,000",6924514652117,
 pen corvet,Miscellaneous,"20,000",765,
perla aluminium foil,Miscellaneous,"90,000",559,
sif OKS 1 piece 40g,Miscellaneous,"50,000",1411,
Oral B tooth brush,Miscellaneous,"120,000",887,
El Sada cotton 100g,Miscellaneous,"130,000",6924514652243,
Doyalex Tea cup x12,Miscellaneous,"200,000",1309,
dish washing loofah sweet,Miscellaneous,"50,000",400,
darcco blade 1 piece,Miscellaneous,"17,000",1107,
cotton tige 80p,Miscellaneous,"91,000",577,
Colgate ToothBrush,Miscellaneous,"70,000",6924514652142,
Coco Avana Charcoal Cubes1Kg,Miscellaneous,"220,000",6924514652256,
Clipper lighters,Miscellaneous,"70,000",6924514651920,
cigarettes paper,Miscellaneous,"10,000",148,
children socks,Miscellaneous,"37,000",399,
chartityon,Miscellaneous,"50,000",421,
El Sada cotton 50g,Miscellaneous,"70,000",6924514652242,
chalimon lighters,Miscellaneous,"50,000",6924514651451,
Carton Cups 3 oz,Miscellaneous,"50,000",1343,
Carpet Brush,Miscellaneous,"60,000",1338,
Blaki lighters,Miscellaneous,"25,000",1225,
Par Par insect killer,Miscellaneous,"150,000",1146,
Battery AA 1.5v x4,Miscellaneous,"40,000",6924514651493,
Bath Puff OKS Classic,Miscellaneous,"60,000",1412,
bath lifah arabic medium size,Miscellaneous,"200,000",1340,
barbecue charcole,Miscellaneous,"110,000",339,
Bamboo Barbecue sticks,Miscellaneous,"40,000",560,
Bamboo Barbecue Skewers,Miscellaneous,"70,000",1643,
avgen scotch,Miscellaneous,"20,000",1241,
Carton Cups 9 oz,Miscellaneous,"100,000",6924514652393,
El sada gel 100ml,Miscellaneous,"50,000",1584,
battery AAA 1.5v x4,Miscellaneous,"40,000",406,
elsada alcohol 250ml,Miscellaneous,"70,000",1231,
El Sada Vaseline 100ml,Miscellaneous,"80,000",6924514651922,
Nail Clipper,Miscellaneous,"60,000",1300,
micro fiber tissue cleaning,Miscellaneous,"90,000",523,
Majroud Plastic,Miscellaneous,"60,000",1339,
lighters joke,Miscellaneous,"25,000",1121,
lighters,Miscellaneous,"10,000",149,
Le Lion medical sticker x7,Miscellaneous,"70,000",1302,
khitan masoura,Miscellaneous,"30,000",1341,
kaser argili charcoal,Miscellaneous,"150,000",6924514652192,
joury plast Table Paper Roll,Miscellaneous,"60,000",1544,
Hengtuo Large Tape,Miscellaneous,"100,000",1642,
helek powder,Miscellaneous,"50,000",6924514651749,
Plastic Plates 9,Miscellaneous,"80,000",6924514652392,
GLO Disp lighter,Miscellaneous,"40,000",6924514651759,
ElSada cotton tige buds round ,Miscellaneous,"100,000",6924514651532,
hair wax elegance,Miscellaneous,"80,000",591,
Energizer Battery,Miscellaneous,"60,000",1556,
floor cleaner mop,Miscellaneous,"168,000",1143,
floor cleaning tissue Strong,Miscellaneous,"120,000",557,
Falcon Sandwich Bags,Miscellaneous,"170,000",1394,
force 805,Miscellaneous,"100,000",1233,
garbage bags big size,Miscellaneous,"60,000",298,
garbage bags small,Miscellaneous,"50,000",297,
Gillette Blue II,Miscellaneous,"40,000",1323,
Food Plastic Bag,Miscellaneous,"40,000",1430,
Cat Food can 415g,Pet Food,"90,000",1405,
Draw and Color,Stationery,"50,000",1472,
highlighter Pen,Stationery,"40,000",6924514651677,
glue stick  21g,Stationery,"70,000",6924514651669,
Geometric box Map new max ,Stationery,"150,000",6924514651667,
Eraser Toy,Stationery,"30,000",1570,
eraser Oneway,Stationery,"15,000",6924514651663,
Dax Top Pen,Stationery,"15,000",6924514651659,
berayi,Stationery,"10,000",6924514651658,
correction pen,Stationery,"50,000",6924514651662,
Bic Pen,Stationery,"25,000",6924514652379,
Berayi with cover,Stationery,"50,000",1572,
Launch Box,Stationery,"170,000",6924514652381,
Agenda paper cover,Stationery,"85,000",6924514651668,
A4 Paper Jam 80g,Stationery,"400,000",1539,
5 five Subject 80 sheets,Stationery,"80,000",6924514652375,
Corvet sliced book cover ,Stationery,"120,000",6924514651676,
Launch Box with Bottle,Stationery,"350,000",6924514652382,
oneway 12 color long pencils,Stationery,"70,000",1537,
Notebook 5 Subjects plastic cover 100 sheets ,Stationery,"190,000",1469,
yalong Ball Point Pen,Stationery,"15,000",6924514651660,
wood ruler Penguin,Stationery,"20,000",6924514651679,
Water Bottle Vaccum,Stationery,"300,000",6924514652383,
university notebook 72 sheets,Stationery,"100,000",6924514652376,
Staples,Stationery,"30,000",6924514651777,
Stapler,Stationery,"170,000",6924514652380,
Plastic Ruler 30cm,Stationery,"25,000",1538,
Pen Shoes,Stationery,"70,000",6924514652385,
pen and Highlighter,Stationery,"70,000",1571,
paper protect chemise monza,Stationery,"40,000",6924514651680,
OneWay Pencils x12,Stationery,"10,000",6924514651661,
oneway 12 wax crayon ,Stationery,"50,000",6924514651664,
oneway 12 color durable pen,Stationery,"70,000",6924514651665,
Notebook stickers,Stationery,"10,000",6924514651681,
Notebook corvet 48sh,Stationery,"30,000",6924514651657,
Notebook 5 colors ,Stationery,"90,000",6924514651671,
Ruler corvet,Stationery,"85,000",6924514651678,
Alforno Tortilla Bread,bread,"290,000",252253,
Ridani Kaak Crushed,bread,"80,000",252274,
Burger and Fahita Bun ISSA,bread,"85,000",6924514652138,
Chamsine Brown Toast,bread,"140,000",1519,
Chamsine Croissant,bread,"50,000",1520,
Chamsine Pain au Lait,bread,"125,000",1514,
croissant and coconut baydoun ,bread,"35,000",981,
fresh bakery oat and bran,bread,"60,000",6924514652137,
kaak issa,bread,"65,000",341,
PL SOL MUSTARD 255ML,canned food,"150,000",1176,
PL SOL SARDINE CHILI HOT OIL 125 GR,canned food,"100,000",1178,
PL SOL SARDINES OIL 125GR,canned food,"100,000",1177,
Tahina Alameddine 400g,canned food,"190,000",6924514652064,
Queen Tuna 185g,canned food,"160,000",6924514652174,
Sweet Corn Green Forest 340g,canned food,"75,000",6924514651979,
pl sol mayo + bbq promo,canned food,"450,000",1807,
PL SOL white tuna 185g,canned food,"160,000",6924514651806,
PL SOL Glass SLICED MUSHROOMS 280GR,canned food,"170,000",1170,
Nina Sweet Corn 340g,canned food,"60,000",6924514652059,
peanut butter 250gr taj ,canned food,"200,000",6924514651509,
Olive Mehche Greenland 500g,canned food,"420,000",1293,
Taj baba Ghanouj 375g,canned food,"185,000",6924514652294,
nina sea tuna,canned food,"88,000",1072,
Nina Green peas 400g,canned food,"60,000",252239,
Nestle Cerelac 125g ,canned food,"120,000",1569,
Namlya Chickpeas Boiled 900g,canned food,"60,000",1736,
picon cheese 16 portions,canned food,"250,000",6924514651527,
Taj Premium Soup 50g,canned food,"60,000",1425,
vanilla domo,canned food,"15,000",255,
Taj Soup 60g,canned food,"50,000",258,
PL SOL SQUEEZE MAYO 450ML disabled,canned food,"355,000",nan,
pl ananas deactivated,canned food,"240,000",nan,
Zwan hotdog 400g,canned food,"230,000",1324,
Zwan Chicken 850g,canned food,"720,000",1747,
Zwan chicken 340gr ,canned food,"300,000",1748,
Zwan chicken 200gr ,canned food,"200,000",6924514651568,
Zwan Beef 850g,canned food,"850,000",1746,
Yamama White Vinegar 1L,canned food,"80,000",1311,
Yamama Tomato Paste 320g,canned food,"110,000",1312,
YAMAMA 750ml pomegrenade hone,canned food,"270,000",20,
YAMAMA 300ml pomegrenade,canned food,"160,000",19,
Yalanji Malaki Sham Garden 400g,canned food,"150,000",6924514652355,
xtra ketshup sweet 340 g,canned food,"70,000",545,
xtra hot ketchup 340g,canned food,"67,000",266,
Namlya Beans and chickpeas 400g,canned food,"55,000",1738,
Top Notch Mayonnaise 235ml,canned food,"90,000",1427,
taj white vinegar 1L,canned food,"70,000",6924514651913,
Taj Rose Blossom Water 250ml,canned food,"110,000",1561,
Namlya Beans 400g,canned food,"50,000",1737,
squeezed lemonade denker 1L,canned food,"60,000",6924514651793,
mortadela chicken taghzia 200g,canned food,"80,000",12,
Gold Garden Sliced Mushroom 400g,canned food,"70,000",6924514652111,
Glendy Pickles 600g,canned food,"90,000",6924514651975,
Ghandour Tahini 350g,canned food,"230,000",1705,
Foul mdamas chtoura land 600g,canned food,"65,000",6924514651916,
deroni mushrooms Slices  400gr ,canned food,"130,000",6924514651738,
deroni mushroom whole 400g,canned food,"140,000",461,
cucumber pickles Crown 600g,canned food,"170,000",1658,
green peas with carrots chtoura garden,canned food,"47,000",17,
Cornichon Crown 360g,canned food,"175,000",1458,
Baba Ghanouj Chtoura Garden 370g,canned food,"120,000",6924514652146,
Avila Tomato paste 660g,canned food,"150,000",6924514651653,
avila tahini 400gr ,canned food,"150,000",6924514651616,
Avila mloukhyeh 200g,canned food,"130,000",1554,
Avila beans and chickpeas 400gr,canned food,"60,000",6924514651420,
Apple Vinegar Golden Jar 500ml,canned food,"160,000",1331,
nalty spread 350g,canned food,"200,000",6924514651734,
Chtoura Fields Green Peas 400g,canned food,"60,000",1598,
Harvest Beans With Chickpeas 400g,canned food,"50,000",1765,
green peas M chtoura 400g,canned food,"45,000",18,
Al Maraa Sliced Mushrooms 400g,canned food,"70,000",252177,
mortadela beef taghzia 200g,canned food,"90,000",13,
MIA mayonnaise 250g,canned food,"80,000",8,
Mega one Green peas 850g,canned food,"100,000",252238,
marwa tomato paste 400g,canned food,"120,000",702,
Makdous Namlyetna 500g,canned food,"300,000",1390,
Makdous Namlyetna 1350g,canned food,"600,000",1389,
Holiday Tuna 120g,canned food,"100,000",1624,
Magic chef low sodium 150g,canned food,"70,000",6924514651631,
Magic chef lodized salt with fluoride carton,canned food,"90,000",252103,
Magic chef low sodium 350g,canned food,"130,000",252102,
Macrol White Vinegar 1.3L,canned food,"50,000",1518,
Lio Sweet Corn 380g,canned food,"70,000",252269,
khamira domo,canned food,"15,000",257,
khamira aruba,canned food,"12,000",6924514651461,
Ketchup Top Notch 340g,canned food,"100,000",6924514651911,
Al Khawabi Hot Chilli paste 600g,canned food,"200,000",1665,
hummus bl tahini chtoura land 400g,canned food,"50,000",1219,
maggi bechamel mix,canned food,"50,000",6924514651717,
PL SOL MOZARELLA 200GR FLT,cheese,"180,000",1182,
Taanayel Akkaoui cheese 350g,cheese,"360,000",1328,
SMEDS Processed cheese 400g,cheese,"280,000",1352,
Puck Shredded Mozarella 300g,cheese,"200,000",1369,
Puck Shredded Mozarella 1.8kg,cheese,"1,200,000",1580,
picon cheese 8 portions,cheese,"140,000",448,
Farm Land Akkaoui,cheese,"900,000",6924514651995,
new park squeeze cheese 300g,cheese,"166,000",6924514651371,
new park creamy cheese,cheese,"135,000",712,
Liban Lait Accaoui cheese,cheese,"290,000",6924514651891,
Bella Kashkaval cheese 400g,cheese,"430,000",6924514652091,
Bella Kashkaval 250g,cheese,"260,000",1676,
Bella cheese square 12 pcs,cheese,"150,000",6924514651844,
picon cheese 32 portions,cheese,"480,000",1536,
marlboro craft compact,cigarettes and molassal,"120,000",1232,
MARLBORO GOLD ,cigarettes and molassal,"260,000",892,
marlboro red,cigarettes and molassal,"200,000",124,
Marlboro White,cigarettes and molassal,"200,000",252093,
marlboro white craft,cigarettes and molassal,"150,000",125,
Mego super slim Cigarettes,cigarettes and molassal,"50,000",1450,
TEREA Cigarettes,cigarettes and molassal,"220,000",1498,
mazaya lemon and mint 50g,cigarettes and molassal,"120,000",143,
moures blue,cigarettes and molassal,"38,000",134,
moures blue queen,cigarettes and molassal,"42,000",245,
moures silver,cigarettes and molassal,"36,000",135,
Master Cigarettes,cigarettes and molassal,"70,000",6924514652110,
heets dimensions,cigarettes and molassal,"150,000",1046,
Davidoff KS Evolve,cigarettes and molassal,"130,000",132,
elegance wara2,cigarettes and molassal,"60,000",136,
cedars super slim silv,cigarettes and molassal,"85,000",723,
cedars old,cigarettes and molassal,"70,000",122,
cedars blue,cigarettes and molassal,"75,000",120,
captain black cigarettes,cigarettes and molassal,"70,000",146,
Blends Cigarette,cigarettes and molassal,"90,000",1601,
apple snake 250g,cigarettes and molassal,"300,000",631,
apple gold egyptian black 250g,cigarettes and molassal,"264,000",709,
al oustoura apple 50g,cigarettes and molassal,"80,000",246,
al arrab lemon and mint 50g,cigarettes and molassal,"70,000",141,
al arrab apple 250g,cigarettes and molassal,"470,000",1379,
1970 super slim,cigarettes and molassal,"50,000",913,
1970 large silver,cigarettes and molassal,"50,000",6924514651959,
Gauloises yellow,cigarettes and molassal,"102,000",130,
winchester wara2,cigarettes and molassal,"95,000",127,
AMBI PUR natural floor cleaner 3L,cleaning and detergents,"217,000",1261,
Dali shower gel,cleaning and detergents,"53,000",588,
bath loofah long,cleaning and detergents,"150,000",62,
Air Freshener El Sada 250ml,cleaning and detergents,"120,000",1438,
bleacher al afrah 180gr,cleaning and detergents,"70,000",6924514651363,
Brix Glass Cleaner 500ml,cleaning and detergents,"120,000",1295,
Crest cavity protection 125ml,cleaning and detergents,"130,000",745,
Hamol Shampoo 600ml,cleaning and detergents,"300,000",6924514652300,
hand sanitizer sanita spray 50ml,cleaning and detergents,"80,000",433,
handcuffs malysia,cleaning and detergents,"70,000",59,
head n shoulders 400ml,cleaning and detergents,"350,000",53,
Head n Shoulders Conditioner 400ml,cleaning and detergents,"300,000",1787,
javel dimex 1 L,cleaning and detergents,"60,000",275,
La Croix Javel 1L,cleaning and detergents,"100,000",6924514652032,
lets glass cleaner,cleaning and detergents,"100,000",6924514651356,
lets laundry liquid 2L,cleaning and detergents,"420,000",6924514651751,
lets laundry powder 4KG,cleaning and detergents,"850,000",683,
lifa larex pack 5,cleaning and detergents,"50,000",915,
lifebuoy soap,cleaning and detergents,"60,000",302,
Lurex multipurpose Cleaner 900ml,cleaning and detergents,"80,000",6924514651886,
madar flash,cleaning and detergents,"53,000",835,
Hamol Shampoo 400ml,cleaning and detergents,"200,000",6924514651945,
Madar Laundry Powder 1350g,cleaning and detergents,"225,000",6924514652344,
Nail polish remover ElSada,cleaning and detergents,"65,000",6924514651529,
cosmaline normal shampoo 500 ml,cleaning and detergents,"220,000",582,
odex bleach javel 1200ml,cleaning and detergents,"120,000",1218,
Oxi Laundry powder 2kg,cleaning and detergents,"400,000",6924514652247,
Pantene Hair Conditioner 180ml,cleaning and detergents,"190,000",6924514652356,
pantene shampoo 400ml,cleaning and detergents,"330,000",52,
Persil Laundry Powder 2 kg,cleaning and detergents,"520,000",1087,
Persil Powder 2Kg S,cleaning and detergents,"370,000",1319,
pril dishwashing 600ml +50ml,cleaning and detergents,"100,000",1217,
Promo Oxi Laundry Gel 2.5kg,cleaning and detergents,"420,000",1767,
Pump Nail polish remover ElSada,cleaning and detergents,"80,000",6924514651530,
sanita dishwashing,cleaning and detergents,"150,000",434,
sanita floor detergent,cleaning and detergents,"285,000",435,
savana soap,cleaning and detergents,"25,000",115,
Madar Renzo dishwashing liquid 700ml,cleaning and detergents,"80,000",1320,
Savannah Soap 120g,cleaning and detergents,"40,000",6924514652101,
Hamol Shampoo 250ml,cleaning and detergents,"150,000",6924514651944,
Gipsy Shower Gel 750ml,cleaning and detergents,"240,000",6924514652123,
detol soap 100g,cleaning and detergents,"55,000",914,
dimex general cleaner 2.75L,cleaning and detergents,"188,000",995,
dimex general cleaner 800ml,cleaning and detergents,"80,000",292,
Dimex Glass Cleaner,cleaning and detergents,"70,000",6924514652119,
dimex laundry power gel 900gr,cleaning and detergents,"75,000",6924514651448,
Dimex Multi surface cleaning cream 500ml,cleaning and detergents,"130,000",252200,
Dimex MultiPurpose cleaner 650ml,cleaning and detergents,"120,000",1780,
Dimex Power Gel laundry 6Kg,cleaning and detergents,"300,000",6924514652060,
dimex steriol 500ml,cleaning and detergents,"130,000",6924514651447,
Dove Shampoo 450ml,cleaning and detergents,"270,000",1781,
Dove Shampoo 600ml,cleaning and detergents,"420,000",1782,
dove soap,cleaning and detergents,"100,000",845,
El Sada Baby Cologne 300ml,cleaning and detergents,"150,000",1649,
El sada baby oil spray 200ml,cleaning and detergents,"160,000",6924514652244,
giv soap,cleaning and detergents,"40,000",468,
El Sada Hand Liquid Soap 440ml,cleaning and detergents,"80,000",6924514651921,
el sada spray sanitizer 100ml,cleaning and detergents,"60,000",1762,
el sada spray sanitizer 60ml,cleaning and detergents,"45,000",6924514651687,
elegance extract shampoo 750ml,cleaning and detergents,"220,000",1226,
elegance plus miracle shampoo 500ml,cleaning and detergents,"120,000",6924514651533,
elegance shower gel 500ml,cleaning and detergents,"69,000",655,
Elvive loreal 400ml,cleaning and detergents,"400,000",45,
Energy Hair mask,cleaning and detergents,"150,000",6924514651719,
Energy Shampoo,cleaning and detergents,"50,000",6924514651718,
fax soap  big,cleaning and detergents,"46,000",847,
flash carmel,cleaning and detergents,"60,000",42,
flash dimex 1L,cleaning and detergents,"100,000",274,
FLash spartan 1L,cleaning and detergents,"290,000",834,
Germex Cleaner 1.2L,cleaning and detergents,"220,000",742,
ghada shaving cream,cleaning and detergents,"100,000",117,
El Sada Shower gel 750ml,cleaning and detergents,"140,000",6924514652241,
bonux 4kg,cleaning and detergents,"790,000",265,
septol 600cc,cleaning and detergents,"350,000",701,
smash tablets,cleaning and detergents,"53,000",66,
carmel dishwashing 650ml,cleaning and detergents,"90,000",38,
Cellulose Sponge,cleaning and detergents,"90,000",6924514652255,
Cleaning Cloth 40x40 microfiber,cleaning and detergents,"90,000",1555,
clear shampoo 400ml,cleaning and detergents,"290,000",464,
Clip sanitizer 200 ml,cleaning and detergents,"220,000",1266,
Clip summer pack,cleaning and detergents,"1,500,000",6924514651384,
colgate max fresh,cleaning and detergents,"180,000",348,
collagen soap,cleaning and detergents,"140,000",884,
comfort Fabric Freshness 1L,cleaning and detergents,"220,000",1542,
Corvet floor cleaning tissue,cleaning and detergents,"50,000",57,
sif aluminium nicolas,cleaning and detergents,"30,000",269,
xsmart pump shampoo 4L,cleaning and detergents,"239,000",6924514651429,
noura shampoo 1250ml,cleaning and detergents,"240,000",43,
xsmart plus shampoo 750ml,cleaning and detergents,"151,000",6924514651426,
Vanich offer x2,cleaning and detergents,"800,000",1713,
ultra doux shampoo 400ml,cleaning and detergents,"330,000",586,
Troy Dishwashing Liquid 810ml,cleaning and detergents,"90,000",6924514652354,
Tress Matte Hair wax 140g,cleaning and detergents,"90,000",6924514652173,
Xsmart Hair gel 250 ml,cleaning and detergents,"60,000",6924514651834,
Tia Liquid Soap 500ml,cleaning and detergents,"60,000",6924514652161,
soap wonderful  Gion,cleaning and detergents,"30,000",6924514651480,
soap al wazir soft,cleaning and detergents,"20,000",6924514651477,
soap al wazir pack,cleaning and detergents,"120,000",6924514651479,
soap al wazir classic,cleaning and detergents,"35,000",6924514651478,
Vatika Shampoo,cleaning and detergents,"200,000",1701,
xsmart plus shower gel,cleaning and detergents,"151,000",6924514651427,
tora bika premium,coffee,"16,000",550,
star cafe 180g,coffee,"280,000",2,
Najjar Red 190g,coffee,"450,000",1459,
NAJJAR cafe 200gr,coffee,"300,000",829,
domingo cafe 450gr,coffee,"540,000",830,
domingo cafe 200g,coffee,"260,000",1,
Coffe Mate nestle 450gr,coffee,"260,000",1021,
carioca cafe 400g,coffee,"650,000",31,
carioca cafe 180g,coffee,"290,000",3,
Barista Instant Coffee 2 in 1,coffee,"15,000",1496,
Barista 3 in 1 Strong,coffee,"20,000",252169,
Tchibo Gold 200g,coffee,"550,000",6924514651650,
tora bika capp no sugar,coffee,"20,000",549,
happies PREM MED 54 DISC 10,diappers,"1,050,000",650,
baby dreams XLG 32pcs,diappers,"620,000",382,
baby helena diappers,diappers,"236,000",401,
happies LRG 27pcs,diappers,"650,000",385,
happies newborn 22,diappers,"290,000",405,
happies pants LRG 28pcs,diappers,"599,000",383,
nylon bags,diappers,"65,000",118,
Puffies Diapers,diappers,"260,000",6924514652047,
cooking cream new park 800g,diaries,"290,000",6924514651344,
AF Dairy Baladi cheese,diaries,"160,000",1530,
Ayran Candia 1L,diaries,"160,000",6924514652222,
Candia Milk 180ml,diaries,"45,000",6924514652027,
Taanayel Milk Skimmed 1L,diaries,"140,000",6924514651996,
Taanayel Halloum 1kg,diaries,"1,400,000",1349,
PL SOL CHEESE SLICE SAND 170GR,diaries,"170,000",1165,
PL SOL CHEESE SLICE BURGER 17GR,diaries,"180,000",1164,
New park labneh balls 520GR,diaries,"193,000",6924514651405,
liban lait labneh ,diaries,"270,000",6924514651571,
Liban Lait Halloum cheese,diaries,"280,000",6924514652211,
labneh taanayel 400g,diaries,"240,000",6924514651924,
labneh sweet 0.4 kg,diaries,"43,000",492,
Laban Taanayal 900g,diaries,"160,000",6924514651925,
laban libanlait 1kg,diaries,"190,000",6924514651446,
Laban 5Kg abo haydar,diaries,"430,000",802,
Hawa Ayran 250ml,diaries,"50,000",1562,
candia silhouette 0 fat ,diaries,"140,000",815,
chanklich,diaries,"100,000",6924514651873,
Piko carton 1L,drinks,"80,000",6924514651647,
basha ginger ,drinks,"88,000",6924514651540,
Versage energy drink,drinks,"35,000",6924514651376,
toto junior 180ml ,drinks,"20,000",6924514651526,
tora bika capuccino,drinks,"20,000",238,
Tea Lio 180g,drinks,"120,000",102,
tea holiday 25 bag,drinks,"50,000",375,
taraguay matti 250g,drinks,"111,000",109,
SUPER JUS CAN 250ML ,drinks,"50,000",6924514651620,
super juice ,drinks,"10,000",838,
SourHeads Drink 275ml,drinks,"70,000",6924514652282,
Solite Mexican light,drinks,"30,000",1353,
Vida Pop no sugar 275ml,drinks,"60,000",1546,
soft drinks glass 1 L ,drinks,"60,000",480,
soft drink can 185ml,drinks,"50,000",743,
Sobrina juice ,drinks,"15,000",6924514652109,
SEREN JUS 250ML ,drinks,"50,000",6924514652219,
SEREN JUS 180ML ,drinks,"30,000",6924514651621,
Sannine Water 1.5L,drinks,"25,000",1348,
Rindo tamarind 1.25l,drinks,"70,000",1103,
Rindo and Zee 250ml,drinks,"30,000",530,
rim water 500ml,drinks,"20,000",1066,
REDBULL 250ML ,drinks,"130,000",6924514651501,
Pompi Water Cup ,drinks,"10,000",252171,
soft drinks cans 330ml,drinks,"60,000",6924514651368,
Vimto Concentrate 710ml,drinks,"380,000",252270,
xtra juice 1 litre,drinks,"100,000",855,
xxl energy 185ml,drinks,"40,000",6924514651485,
amin bach honey ginger,drinks,"90,000",484,
Barbican 330ml,drinks,"80,000",1789,
dark blue 330 ml,drinks,"50,000",518,
berdawni 330ml,drinks,"10,000",6924514651541,
Berdawni Sparkling water 330ml,drinks,"70,000",1298,
berdawni water 2L,drinks,"30,000",280,
Bergauf,drinks,"35,000",1118,
Blend MilkShake 300ml,drinks,"100,000",1436,
Blend MilkShake Pistachio 300ml,drinks,"270,000",1745,
bonjus pyramid,drinks,"15,000",283,
Boom Boom Energy Drink 250ml,drinks,"80,000",1317,
candia juice 180ml ,drinks,"30,000",6924514651694,
candy up milkshake 180ml,drinks,"45,000",6924514651444,
carma juice,drinks,"40,000",252109,
Chupa Chups Sparkling 150ml,drinks,"60,000",252176,
City Caffe Ice Coffee,drinks,"35,000",6924514651791,
CocaCola original taste 330ml,drinks,"60,000",1316,
Contrex Water 1L,drinks,"160,000",1371,
D Aqua Water 2L,drinks,"25,000",252090,
D Aqua Water 330ml,drinks,"13,000",252092,
dano milk 22g,drinks,"35,000",342,
darina juice 25g,drinks,"20,000",344,
xxl energy 500ml,drinks,"70,000",6924514652308,
PL SOL Almond milk 1L,drinks,"370,000",6924514652343,
Pipore matte,drinks,"130,000",6924514652245,
Piko Milkshake 200ml,drinks,"30,000",6924514651800,
Piko juice 200ml,drinks,"20,000",6924514651595,
Kaza Cola,drinks,"35,000",252097,
Kasatly Chtaura Syrup 600ml,drinks,"290,000",6924514652030,
Just Power Energy 250ml,drinks,"35,000",1287,
joocyz Juice 1L,drinks,"60,000",6924514652179,
Jelly domo,drinks,"55,000",1216,
jallab and Tout Bottle,drinks,"110,000",6924514652037,
jack wrestler 330ml,drinks,"34,000",1144,
iceberg Milkshake,drinks,"45,000",751,
hot chocolate aruba,drinks,"16,000",254,
Horse Head TEA 160g,drinks,"200,000",831,
H2OH SPARKLING WATER,drinks,"50,000",1147,
Glendy Juice Powder 10g,drinks,"5,000",6924514652234,
Fruta Drink 275ml,drinks,"70,000",1614,
Frosty light 250ml,drinks,"60,000",6924514651442,
Freez Energy 250ml,drinks,"50,000",1771,
extra juice 250 ml,drinks,"40,000",520,
energy plus 330ml,drinks,"85,000",1761,
El Maestro Drink 200ml,drinks,"30,000",6924514652363,
Domo Cocoa Can 100g,drinks,"320,000",1333,
domo cocoa 200g,drinks,"331,000",1215,
domo cocoa 100g,drinks,"290,000",1214,
domo boleo sachet 30gr ,drinks,"20,000",6924514651609,
dark blue energy drink cocktail,drinks,"65,000",6924514651546,
Kaza Cola light,drinks,"35,000",252098,
American Harvest Basil Seed 290 ml,drinks,"100,000",252155,
Kaza Energy 330ml,drinks,"50,000",252172,
KAZOUZA 275ml,drinks,"60,000",1256,
Perrier Glass 200ml,drinks,"130,000",1372,
Perrier can 250ml,drinks,"80,000",1788,
Pampa cup Juice ,drinks,"10,000",1454,
Pacha Drink 330ml,drinks,"110,000",1431,
Ocean Spray Cranberry 1L,drinks,"350,000",6924514651973,
Ocean Spray 250ml,drinks,"120,000",252181,
Nestle water 2L,drinks,"35,000",6924514652315,
Nesquick powder 13g,drinks,"25,000",6924514651794,
nescafe 2 in 1,drinks,"25,000",197,
Mr Juicy 1L,drinks,"60,000",6924514652309,
mr juicy 180ml,drinks,"15,000",996,
mentos 3d chewing gum 5p,drinks,"30,000",6924514651330,
Maccaw juice 180ml,drinks,"30,000",1559,
luna ice coffee,drinks,"70,000",522,
lipton 25bag,drinks,"80,000",449,
libbys juice 1 litres,drinks,"100,000",854,
Libbys carton 200ml,drinks,"30,000",1613,
Libbys 250ml,drinks,"40,000",752,
LAZIZA 330 ML ,drinks,"80,000",6924514651502,
Landessa IceCoffee cc 230ml,drinks,"130,000",1356,
Klim Milk 750g,drinks,"490,000",749,
Klasse drink 250ml,drinks,"35,000",6924514652224,
kharta matti,drinks,"120,000",417,
Kaza up,drinks,"35,000",252099,
al khawaja tout blueberry,drinks,"300,000",729,
dark blue 1 L,drinks,"120,000",514,
eggs high protein x15,eggs,"170,000",1541,
spices al amir,flavorings,"25,000",517,
Magic Chef Soy Sauce 295ml,flavorings,"280,000",6924514652289,
Magic Chef Oregano Pizza sauce 350g,flavorings,"150,000",6924514651931,
Magic Chef Napoletana Sauce 350g,flavorings,"150,000",6924514651929,
Magic Chef Mild buffalo wing sauce 473ml,flavorings,"400,000",6924514651933,
Magic Chef Chopped Tomatoes 350g,flavorings,"140,000",6924514651928,
Maggi Cubes 8g,flavorings,"5,000",6924514652097,
M.chef pancake syrup LIGHT 12oz,flavorings,"405,000",1246,
M.chef pancake syrup 12oz,flavorings,"435,000",1245,
M.chef hickory  barbecue sauce 18oz,flavorings,"360,000",1248,
M.chef Dressing Sauce,flavorings,"450,000",1249,
M. Chef Grated Parmesan Cheese 85g,flavorings,"250,000",252170,
M Chef Yellow Mustard 255g,flavorings,"200,000",252206,
loumi and ghar,flavorings,"25,000",716,
faragello veg stocks,flavorings,"12,000",675,
Exotic Hot sauce 250ml,flavorings,"300,000",252207,
DIP IT TAJ sauces 300 gr ,flavorings,"320,000",6924514651506,
Deroni Hot Chili Sauce,flavorings,"50,000",252232,
Cinnamon sticks maple,flavorings,"59,000",411,
Blossom water dunker 250g,flavorings,"50,000",252243,
Avila Spices,flavorings,"50,000",6924514652366,
AVILA ground nutmeg 15g,flavorings,"45,000",6924514651845,
al rif spices,flavorings,"25,000",630,
Magic Chef Tomato Puree 350g,flavorings,"140,000",6924514651932,
Taj Pesto Sauce 500g,flavorings,"700,000",6924514652293,
M.Chef Steak Sauce 284g,flavorings,"420,000",6924514652346,
puck cook and whip cream 500ml,flavorings,"150,000",911,
maple Sesame 400g,flavorings,"180,000",1437,
maple spices,flavorings,"50,000",407,
Master Cheddar Cheese Dip 300g,flavorings,"290,000",1421,
Master Salsa Dip 300g,flavorings,"190,000",1420,
miske ,flavorings,"20,000",1063,
Pakmaya yeast 125g,flavorings,"100,000",6924514652066,
nacha al iman,flavorings,"40,000",6924514651899,
PL SOL PIZZA SAUCE OREGANO 350GR,flavorings,"153,000",1171,
Puck Whipping cream 500ml,flavorings,"300,000",1367,
Red vinegar Taj 1000 ml ,flavorings,"50,000",6924514651507,
Rose water dunker 250g,flavorings,"50,000",252244,
Sativa Avila 50g,flavorings,"50,000",252271,
PL SOL CUBES,flavorings,"14,000",1173,
lentil small grain flt,grains,"60,000",285,
indian basmati rice taj 800g,grains,"220,000",678,
italian rice palais 900g,grains,"138,000",328,
jersey canadian lentil 907g,grains,"145,000",327,
lentil Green  deroni 900g,grains,"180,000",261,
Zaatar al Osra 400g,grains,"160,000",1157,
Wonder Foods white Beans 900g,grains,"160,000",1462,
Wonder Foods sugar 900g,grains,"80,000",1465,
Nacha al noujoum,grains,"55,000",272,
Namlyah american rice 900g,grains,"115,000",1731,
Nina Chickpeas 900g,grains,"130,000",6924514652183,
Nina lentills red ,grains,"120,000",6924514651682,
OBA Egyptian rice 900g,grains,"80,000",6924514651956,
OBA Red Lentils 900g,grains,"110,000",1595,
Oba Sugar 900g,grains,"80,000",6924514652050,
peeled wheat daaboul,grains,"90,000",1052,
hummus yabes flt,grains,"65,000",286,
red lentil flt ,grains,"120,000",756,
sami kids,grains,"80,000",105,
smid maple 900g,grains,"113,000",718,
sugar Flona 900g,grains,"70,000",70,
Taj Salt Himalaya 1kg,grains,"200,000",6924514652209,
Thai Rice Daaboul 1kg,grains,"100,000",6924514651875,
wheat mantujet day3etna 900gr,grains,"84,000",6924514651341,
white burghol deroni 1kg,grains,"95,000",81,
Wonder Foods Fine burghol 900g,grains,"85,000",1622,
salt haykal,grains,"20,000",82,
homos deroni,grains,"130,000",839,
daaboul fine brown borghol,grains,"80,000",6924514651706,
golden chef  flour,grains,"69,000",622,
Daaboul Thai Rice 5Kg,grains,"490,000",6924514652019,
Daaboul White Beans 900g,grains,"160,000",6924514652006,
deroni sugar 900gr,grains,"80,000",629,
dry bean loubyeh yebse 200g,grains,"60,000",486,
Egyptian rice 900g,grains,"80,000",6924514652181,
egyptian rice deroni 900g,grains,"85,000",68,
egyptian rice flt,grains,"50,000",284,
egyptian rice one 5kg ,grains,"425,000",6924514651692,
egyptian rice palais food 900g,grains,"90,000",6924514651593,
ella and palais hummus yabes,grains,"115,000",420,
ella white bean,grains,"110,000",458,
crusty corn maple 200g,grains,"50,000",410,
GramLess Basmati Rice 800g,grains,"250,000",252197,
freke 1 kg avila ,grains,"350,000",6924514651618,
corn l amir ,grains,"20,000",821,
burghul ella and palais,grains,"85,000",925,
Burghol daaboul 4kg,grains,"390,000",1119,
burghol crushed golden chtoura 1kg,grains,"82,000",1125,
brown sugar avila 500gr ,grains,"85,000",6924514651617,
Avila Semolina 1kg,grains,"120,000",6924514651880,
Avila Red Beans 900g,grains,"260,000",6924514651814,
nacha al amir 180g,grains,"30,000",715,
Avila Oats Extra 700g,grains,"130,000",1710,
Avila moghrabyeh 900g,grains,"160,000",1551,
american rice deroni 900g,grains,"100,000",69,
Daaboul Egyptian rice 5kg,grains,"390,000",6924514652014,
Glendy Wheat Flour,grains,"60,000",6924514651382,
Maple Flour 900g,grains,"70,000",6924514652212,
IceQueen tristen,ice cream,"25,000",1718,
IceQueen Sorbet Jordina Premium,ice cream,"60,000",1757,
IceQueen Dubai Jordina,ice cream,"120,000",1756,
IceQueen eskimak,ice cream,"70,000",1715,
IceQueen Football,ice cream,"25,000",1758,
IceQueen Mini Piano,ice cream,"40,000",1728,
IceQueen Panda,ice cream,"20,000",1727,
IceQueen Sandwich jumbo,ice cream,"60,000",1795,
Twist Iceberg Icecream,ice cream,"30,000",6924514652075,
tropicana icecream,ice cream,"20,000",900,
the cup ice cream,ice cream,"40,000",899,
Rondo icecream,ice cream,"25,000",903,
IceQueen Donut,ice cream,"60,000",1794,
popping icecream,ice cream,"40,000",905,
maxi icecream ,ice cream,"20,000",966,
max cone icecream,ice cream,"100,000",904,
Lotus icecream biscoff mini,ice cream,"220,000",6924514651334,
Lotus icecream biscoff big 90ml ,ice cream,"300,000",6924514651435,
London dairy sorbet stick 90ml,ice cream,"220,000",6924514651332,
london dairy sorbet stick  100ml,ice cream,"240,000",6924514651333,
London dairy minis nuts 60ml x6,ice cream,"150,000",6924514651436,
Jumbo Tango Diet iceberg,ice cream,"170,000",1755,
Jumbo icecream  ,ice cream,"170,000",1007,
IcqQueen First,ice cream,"100,000",1793,
piccolo sandwich ice  cream,ice cream,"80,000",898,
London dairy Minis sorbet  (pchapr\blueb\pncolada)50ml,ice cream,"150,000",nan,
IceQueen Cup Bites 235ml,ice cream,"200,000",1803,
IceQueen Classico Nuts,ice cream,"100,000",1726,
Bonjus cornittou jr,ice cream,"30,000",6924514652122,
Bonjus Duo IceCream,ice cream,"50,000",6924514652239,
Bonjus Flipper IceCream,ice cream,"20,000",6924514652077,
Bonjus Fuji Icecream,ice cream,"30,000",6924514652079,
Bonjus imperiale IceCream ,ice cream,"100,000",6924514652084,
Bonjus Jolly IceCream,ice cream,"20,000",6924514652076,
Bonjus krazy kone IceCream,ice cream,"70,000",6924514652193,
Bonjus Les Saveurs Icecream,ice cream,"140,000",6924514652236,
Bonjus Light Mini King IceCream,ice cream,"80,000",6924514652081,
Bonjus Mini King IceCream,ice cream,"120,000",6924514652237,
IceQueen Cotton Candy,ice cream,"40,000",1716,
Bonjus MiniMax IceCream,ice cream,"70,000",6924514652194,
Bonjus Super King IceCream,ice cream,"150,000",6924514652083,
Bonjus Taxi IceCream,ice cream,"25,000",6924514652078,
cornetty,ice cream,"70,000",897,
double shok icecream,ice cream,"30,000",901,
fresco icecream,ice cream,"40,000",902,
Happiness IceCream,ice cream,"450,000",6924514652260,
Iceberg Mini Marble,ice cream,"170,000",1743,
Iceberg Sorbet light 1L,ice cream,"600,000",6924514652232,
Iceberg Sorbet Stick,ice cream,"120,000",6924514652231,
IceQueen Anguria,ice cream,"25,000",1717,
Bonjus Paradiso IceCream,ice cream,"130,000",6924514652082,
Bonjus chocotop IceCream,ice cream,"50,000",6924514652238,
sea sun pasta,macaroni,"39,000",1045,
sea sun pasta 500g,macaroni,"39,000",1095,
Arbella Tagliatelle Macaroni 400g,macaroni,"110,000",1673,
banetti pasta,macaroni,"39,000",1071,
Barilla Lasagne Collezione 500g,macaroni,"280,000",6924514652285,
Barilla Lasagne Emiliane 500g,macaroni,"420,000",6924514652284,
Barilla Penne Tricolore n179 500g,macaroni,"220,000",6924514652286,
Smart spaghetti 300g,macaroni,"25,000",6924514651648,
chaayrye crumbled arden,macaroni,"41,000",313,
chaayrye crumbled bellila,macaroni,"45,000",320,
Deroni Lasagne Macaroni 400g,macaroni,"160,000",1674,
deroni pasta 500g,macaroni,"55,000",6924514651498,
Ella american rice,macaroni,"90,000",6924514651578,
Cairo pasta,macaroni,"60,000",252242,
indomi superme,macaroni,"20,000",84,
indomi with oil,macaroni,"30,000",83,
indomie cup,macaroni,"60,000",1109,
Liamo Farfalle 350g,macaroni,"85,000",6924514651636,
Liamo Fusilli tricolore 400g,macaroni,"80,000",6924514652022,
Liamo spagetti N5,macaroni,"80,000",6924514651372,
maggi soup disabled,macaroni,"45,000",620,
Maltagliati Tagliatelle N405 500g,macaroni,"210,000",6924514652373,
Sea girl Tuna 160g,macaroni,"90,000",6924514651817,
Ocean Chaaryeh 400g,macaroni,"40,000",252227,
fettuccine reggia,macaroni,"139,000",826,
Rifai Nuts Christmas offer,nuts,"820,000",726,
Rifai Nuts Extra Doypack 250g,nuts,"220,000",1632,
Rifai Nuts Mix Kernels Doypack 250g,nuts,"450,000",1634,
Tannourine Mixed Kernels 425g,nuts,"600,000",1440,
sun flower seeds 55g ,nuts,"50,000",956,
sun flower seeds master unsalted,nuts,"135,000",963,
sunflower seeds sally 350gr,nuts,"90,000",6924514651691,
Tannourine Nuts 200g,nuts,"130,000",6924514652147,
Tannourine Nuts Peanuts Shell 150g,nuts,"90,000",6924514652156,
Rifai Nuts Super Extra Doypack 250g,nuts,"360,000",1633,
RAY cri cri,nuts,"12,000",nan,
Al raiif sunflower seeds 20g,nuts,"15,000",906,
peanuts  raiif 15gr,nuts,"10,000",1065,
bezer babagha big sally,nuts,"25,000",308,
Baker pretzels 20g,nuts,"20,000",1005,
Avila raisins 100g,nuts,"60,000",6924514651815,
AVILA PISTACHIO 50GR ,nuts,"140,000",6924514651466,
AVILA NUTS ALMONDS WALNUTS 50G ,nuts,"75,000",6924514651464,
alraiif extra makchuf 300g,nuts,"200,000",982,
almonds smoked 30g ,nuts,"70,000",958,
al rifai nuts offer,nuts,"417,000",110,
Al raiif sunflower seeds 70g,nuts,"50,000",599,
Al raiif salted peanuts 60gr ,nuts,"45,000",6924514651572,
Al raiif mixed nuts medium 100g,nuts,"100,000",1110,
Al raiif extra mixed nuts 200g,nuts,"170,000",1222,
Al raiif egyptian seeds 20g,nuts,"10,000",645,
Al raiif  mixed nuts standard 160g,nuts,"125,000",983,
Al Amin sunflower seeds 150g,nuts,"70,000",6924514652177,
bezer koussa big sally,nuts,"40,000",303,
Al Amin Regular mix nuts 62g,nuts,"40,000",6924514651780,
cashew al raiif 30g,nuts,"60,000",642,
castania 15g peanuts honey,nuts,"15,000",1237,
pistachios master 12g ,nuts,"35,000",962,
Castania Sunflower seeds 150g,nuts,"100,000",1491,
Castania Smoked Almonds 35g,nuts,"70,000",1483,
Castania Pumpkin Seeds 160g,nuts,"180,000",1493,
Castania Peanuts Roasted 70g,nuts,"60,000",1487,
Castania Peanut Diet Bar 38g,nuts,"50,000",1478,
Castania Mixed nuts 70g,nuts,"60,000",1488,
Castania Mixed Kernels 35g,nuts,"70,000",1484,
Castania fruits and nuts Diet Bar 38g,nuts,"70,000",1479,
Castania Fried peanuts 70g,nuts,"60,000",1486,
Castania Energy Mix 35g,nuts,"60,000",1485,
Castania Crunchy Mix 170g,nuts,"100,000",1474,
castania combo offer,nuts,"700,000",1799,
Castania Cashews 35g,nuts,"70,000",1481,
castania 15g pistachio,nuts,"30,000",1234,
castania 15g  crispy corn,nuts,"15,000",1236,
Castania unsalted Sunflower seeds 150g,nuts,"100,000",1490,
Castania Crackers 30g,nuts,"30,000",1482,
kernels  mix al raiif 30g,nuts,"60,000",647,
crispy corn al raiif,nuts,"10,000",646,
fried peanuts 60g ,nuts,"45,000",959,
Happy summer raiif offer *4,nuts,"395,000",1064,
krikri sally,nuts,"7,000",311,
loz and kago maple,nuts,"40,000",720,
loz mkasar raiif,nuts,"19,000",1112,
chinese nuts sally,nuts,"7,000",312,
Master mixed kernels 75g ,nuts,"165,000",954,
Master regular mix nuts 240g,nuts,"130,000",952,
Master Sunflower seeds 175g ,nuts,"110,000",955,
Master super extra nuts 220g,nuts,"250,000",6924514651398,
Master Mixed Kernels 240g,nuts,"450,000",252199,
AVILA olive oil 500ml ,oil,"420,000",6924514651722,
burak oil 5L,oil,"900,000",6924514651739,
Crystal Ghee 1.5 kg,oil,"330,000",6924514652281,
Crystal Ghee 2.5 kg,oil,"480,000",1652,
Crystal Ghee 700g,oil,"200,000",6924514652280,
crystal oil 1 L,oil,"158,000",1273,
Evet Ghee 450g,oil,"220,000",6924514652303,
Holiday sunflower oil 700ml,oil,"130,000",252248,
Luna Butter,oil,"60,000",6924514652266,
Macrol Sunflower oil 4.5L,oil,"750,000",6924514652322,
OBA Sunflower oil 5L,oil,"600,000",6924514651955,
Al Hanem Ghee 1kg,oil,"240,000",1801,
Teba butter 200g,oil,"60,000",6924514651937,
Glendy sunflower oil 5L,oil,"620,000",6924514651645,
Pur Olio 1 Litre,oil,"180,000",252108,
Nivea roll 50ml,perfumes,"190,000",1068,
Perfumes abo wadi3 ,perfumes,"500,000",252272,
deodorant 200 ml,perfumes,"80,000",570,
Rexona deodorant 45ml,perfumes,"110,000",6924514652357,
Symi deodorant 150 ml,perfumes,"185,000",1268,
xsmart roll on deodorant,perfumes,"142,000",6924514651425,
lady speed stick soap 65g big,perfumes,"280,000",1067,
lady speed stick 45g,perfumes,"240,000",1070,
Speed Stick Men 50g,perfumes,"250,000",252175,
elegance eau de cologne 250ml,perfumes,"110,000",1228,
deosorant S collection,perfumes,"97,000",571,
deodorant nivea,perfumes,"185,000",572,
Deodorant adidas 150ml,perfumes,"240,000",6924514652295,
lady speed stick 40g,perfumes,"240,000",574,
Oreo 110g,snacks and candy,"70,000",1698,
oh Boy Biscuits,snacks and candy,"15,000",1406,
Nutella Chocolate 25g,snacks and candy,"80,000",1432,
Nutella Biscuits 41g,snacks and candy,"70,000",1566,
nutella B ready,snacks and candy,"70,000",1382,
nova croissant ,snacks and candy,"45,000",6924514651462,
nouba,snacks and candy,"30,000",705,
no 1 Torku,snacks and candy,"25,000",6924514651823,
nio,snacks and candy,"8,000",181,
NEXTRA cake,snacks and candy,"11,000",1152,
new park choco dips,snacks and candy,"45,000",6924514651403,
Nero Biscuits,snacks and candy,"60,000",882,
mr bob,snacks and candy,"24,000",1187,
molto magnum,snacks and candy,"34,000",526,
mix kagi chocolate ,snacks and candy,"20,000",6924514651965,
Milka mini stars,snacks and candy,"36,000",611,
mini pop kek x8,snacks and candy,"170,000",6924514651488,
mini mentos,snacks and candy,"14,000",1189,
Mini Garden,snacks and candy,"5,000",1374,
Mini Cheetos 14g,snacks and candy,"20,000",6924514652225,
mini babol ,snacks and candy,"5,000",1077,
milky biscuits lamar,snacks and candy,"55,000",992,
milka wafer,snacks and candy,"45,000",671,
oreo milka,snacks and candy,"41,000",667,
nestle green,snacks and candy,"14,000",1202,
oreo original,snacks and candy,"35,000",617,
Plenty gift pistachio 350g,snacks and candy,"470,000",6924514651867,
Oro sticks,snacks and candy,"25,000",1611,
milka hazelnut,snacks and candy,"54,000",424,
Poeme protein cup,snacks and candy,"260,000",6924514651601,
Poeme oats Snack Bar vegan,snacks and candy,"90,000",6924514651608,
Poeme noughat Snack Bar,snacks and candy,"120,000",6924514651607,
POEME DRAGEE VEGAN ,snacks and candy,"800,000",6924514651702,
Poeme chocolate bar vegan less keto,snacks and candy,"240,000",6924514651599,
pocco,snacks and candy,"7,000",608,
plus,snacks and candy,"12,000",186,
Plenty gift hazelnut 350g,snacks and candy,"340,000",6924514651868,
Plenty chocolate 1 piece,snacks and candy,"10,000",6924514651871,
PL SOL Rice Cake 125g,snacks and candy,"90,000",6924514652106,
Pix bonbon,snacks and candy,"20,000",1663,
Pie moonway,snacks and candy,"50,000",6924514651367,
petir beurre,snacks and candy,"15,000",704,
PePe Panda,snacks and candy,"50,000",6924514651894,
Pectol vitamin c,snacks and candy,"50,000",6924514651758,
Pectol bonbon,snacks and candy,"30,000",679,
pech pech croissant,snacks and candy,"20,000",6924514651862,
peanut explosion,snacks and candy,"23,000",240,
Pashmak Chocolate,snacks and candy,"10,000",1603,
pappita choppy,snacks and candy,"18,000",967,
papita Roll,snacks and candy,"50,000",215,
Panino Golden roll,snacks and candy,"25,000",252223,
Panino Crunchy Chocolate,snacks and candy,"10,000",1526,
Panino Chocolate,snacks and candy,"20,000",1360,
Oreo Original x9,snacks and candy,"35,000",1804,
Milka Gofree,snacks and candy,"25,000",881,
lora Brownie,snacks and candy,"15,000",730,
Mexmix cereal bar ,snacks and candy,"20,000",6924514651504,
lova gum fruit ,snacks and candy,"10,000",933,
loukoum l amin,snacks and candy,"130,000",1051,
lotus biscoff sandwich cream,snacks and candy,"180,000",6924514651651,
Lotus Biscoff Cream 400g,snacks and candy,"440,000",6924514651417,
Lotus Biscoff 250g,snacks and candy,"220,000",6924514651895,
lotus 2 small piece,snacks and candy,"20,000",1018,
lora croissant,snacks and candy,"15,000",600,
lora cake,snacks and candy,"15,000",601,
Poeme protein dates,snacks and candy,"320,000",6924514651603,
lollipops queen sweet,snacks and candy,"40,000",6924514651735,
lollipop colorante,snacks and candy,"9,000",1133,
lunette samiri,snacks and candy,"9,000",1196,
lollipop circle,snacks and candy,"10,000",6924514651431,
Loco chocolate sticks,snacks and candy,"20,000",6924514652071,
loacker sandwich,snacks and candy,"40,000",1210,
loacker Gardena,snacks and candy,"60,000",1211,
Loacker Chocolate Bar 55g,snacks and candy,"100,000",6924514651858,
Lion Bar Nestle Snack size,snacks and candy,"50,000",6924514651784,
Lion 2 pack,snacks and candy,"80,000",6924514652069,
Lico Rico Sour sticks,snacks and candy,"15,000",1608,
Levanto sugar free,snacks and candy,"50,000",800,
Levanto date and oat,snacks and candy,"60,000",799,
Levanto cranberry mix,snacks and candy,"60,000",801,
Leil Dark,snacks and candy,"150,000",194,
lollipop babol chupa chups ,snacks and candy,"25,000",6924514651696,
M&M Biscuits,snacks and candy,"40,000",1685,
M&M chocolate 45gr ,snacks and candy,"65,000",6924514651564,
maestro enrobed,snacks and candy,"15,000",628,
metro mini,snacks and candy,"20,000",640,
metro 40,snacks and candy,"35,000",972,
messi coin,snacks and candy,"13,000",442,
Merci Chocolate,snacks and candy,"600,000",1699,
merano cup,snacks and candy,"20,000",672,
Mentos pure fresh 10pcs ,snacks and candy,"80,000",6924514651555,
mentos chewy candy dragees,snacks and candy,"20,000",6924514651574,
mentos chewing  ice ,snacks and candy,"50,000",670,
McVities Digestive  30g,snacks and candy,"30,000",6924514652370,
Maximus,snacks and candy,"25,000",209,
Maxi Cup Cake Croissant small,snacks and candy,"15,000",6924514652313,
Maxi Cup Cake 100g,snacks and candy,"50,000",6924514652337,
master yupia,snacks and candy,"10,000",535,
marshmello hot dog,snacks and candy,"18,000",1040,
MarshMallow Twist 180g,snacks and candy,"180,000",1400,
MarshMallow Rainbow Twist Fun 70g,snacks and candy,"60,000",1397,
MarshMallow Plus 400g,snacks and candy,"350,000",1399,
MarshMallow Plus 100g,snacks and candy,"110,000",1398,
Marshmallow Lollipop,snacks and candy,"15,000",1524,
Mars Secret,snacks and candy,"270,000",1686,
Mars,snacks and candy,"60,000",158,
Maretti Bruschette chips 70g,snacks and candy,"90,000",6924514651839,
Maltesers Teasers,snacks and candy,"100,000",6924514651783,
Maltesers,snacks and candy,"90,000",750,
maestro waffer,snacks and candy,"10,000",536,
milka BAR 100G,snacks and candy,"120,000",162,
Poppins choco crisps 18g,snacks and candy,"15,000",427,
Spark coconut 36g,snacks and candy,"20,000",6924514651869,
Poppins Okay Granolies 30g,snacks and candy,"60,000",6924514652199,
twins gullon,snacks and candy,"65,000",6924514651338,
Twins Digestive Wafer 40g,snacks and candy,"10,000",6924514652359,
tutti fruitti,snacks and candy,"60,000",1017,
Tsipers Pretzel 220g,snacks and candy,"90,000",252255,
triplex wafer,snacks and candy,"7,000",218,
triplex choco,snacks and candy,"7,000",217,
Trident Twist,snacks and candy,"100,000",252276,
trident chewing gum,snacks and candy,"30,000",334,
trident 1 piece,snacks and candy,"5,000",6924514651861,
tresor biscuits,snacks and candy,"25,000",6924514651770,
Toybox jelly bear 10g,snacks and candy,"10,000",6924514651551,
Twins XL,snacks and candy,"20,000",1362,
Toybox Egg,snacks and candy,"60,000",6924514651549,
Toy 20,snacks and candy,"20,000",6924514651772,
touch bars,snacks and candy,"11,000",236,
Torta Blazo Novy Smal size,snacks and candy,"10,000",895,
Torta Blazo Novy king size,snacks and candy,"15,000",893,
Tornedo,snacks and candy,"10,000",151,
Torku Tam sandwich 83g,snacks and candy,"35,000",6924514651877,
Torku rachmeli,snacks and candy,"80,000",252096,
Torku 4x4,snacks and candy,"30,000",252193,
toretto wafer,snacks and candy,"10,000",6924514651394,
Toren Wafers ,snacks and candy,"35,000",1550,
TopiTop Lollipop,snacks and candy,"10,000",1447,
Toy Choco box Tio lotees cornet,snacks and candy,"15,000",6924514651888,
Twix,snacks and candy,"65,000",157,
Twix Roll 11g,snacks and candy,"20,000",6924514651819,
Ulker Cokonat Baklava,snacks and candy,"80,000",1350,
zoo chocolate lollipop,snacks and candy,"20,000",6924514652008,
zoo barbie egg,snacks and candy,"20,000",6924514651968,
yummy gummy,snacks and candy,"11,000",210,
yonkers peanut chocolate,snacks and candy,"20,000",6924514651961,
Yamama cake 400g,snacks and candy,"380,000",6924514652197,
Yamama Cake,snacks and candy,"25,000",1380,
XLL wafer,snacks and candy,"25,000",6924514651818,
wow choco,snacks and candy,"22,000",243,
wonderfills,snacks and candy,"3,000",376,
Whola Eti ,snacks and candy,"60,000",252107,
Werther's Original,snacks and candy,"70,000",1435,
warde cups,snacks and candy,"35,000",252230,
wanted,snacks and candy,"40,000",206,
Wafer.ai Dr Food,snacks and candy,"50,000",252277,
wafer turkey citlimbik,snacks and candy,"14,000",232,
Wafe up Gold,snacks and candy,"25,000",6924514651589,
Wafe Up 142g,snacks and candy,"110,000",6924514652213,
wafe up,snacks and candy,"40,000",531,
Violanta oat cookies 180g,snacks and candy,"200,000",1610,
Unica Max,snacks and candy,"25,000",6924514652058,
Unica Bites,snacks and candy,"45,000",1661,
unica 33,snacks and candy,"13,000",1042,
unica,snacks and candy,"15,000",489,
Ulker Napoliten 33g,snacks and candy,"75,000",6924514652070,
Ulker Dankek 200g,snacks and candy,"140,000",1332,
today choco spread,snacks and candy,"24,000",1200,
tiffany creams,snacks and candy,"10,000",930,
tic tac 10g ,snacks and candy,"25,000",6924514651470,
Tayas pvc miniyum,snacks and candy,"5,000",6924514651584,
Santiveri Digestive light original oat,snacks and candy,"240,000",6924514651590,
salt craker snack,snacks and candy,"8,000",153,
salt cracker escape  bifa,snacks and candy,"9,000",691,
saklikoy macvities,snacks and candy,"50,000",1044,
safari,snacks and candy,"15,000",1061,
Sableh Hallab 70g,snacks and candy,"60,000",6924514651947,
rulokat ulker,snacks and candy,"30,000",1213,
ruby chocolate,snacks and candy,"10,000",529,
rollana chocolate,snacks and candy,"25,000",527,
Rollana 1piece,snacks and candy,"10,000",6924514651831,
roll up gum ,snacks and candy,"15,000",6924514651454,
Rokeat peanut chocolate,snacks and candy,"20,000",6924514651860,
Rice Cake eQuia,snacks and candy,"120,000",6924514651375,
remaz jello,snacks and candy,"14,000",1186,
remas biscuit seda ,snacks and candy,"15,000",6924514651711,
relax crepe wafer,snacks and candy,"15,000",6924514651639,
Reeses cup,snacks and candy,"88,000",733,
Raund,snacks and candy,"11,000",152,
Rafaello Chocolate,snacks and candy,"400,000",1810,
purchak digestive,snacks and candy,"70,000",227,
Pumplona Popping,snacks and candy,"20,000",1522,
products of 10,snacks and candy,"10,000",6218117110169,
pringles 160g,snacks and candy,"190,000",6924514651832,
Prince chocolate 80g,snacks and candy,"60,000",6924514651830,
Prince Chocolate 2 pcs,snacks and candy,"10,000",6924514651828,
sense big m,snacks and candy,"25,000",414,
poppins flakes,snacks and candy,"10,000",497,
shell pizza ,snacks and candy,"10,000",1074,
siroki  chocolate ,snacks and candy,"8,000",926,
Tayas jimmy chocolate cornet,snacks and candy,"30,000",6924514651826,
tarbouch maatouk,snacks and candy,"11,000",362,
tarbouch ghandour,snacks and candy,"30,000",533,
Tannourine edami Sweet  30g,snacks and candy,"25,000",6924514652299,
tamria ghandour,snacks and candy,"9,000",1209,
Tam digestive 113g,snacks and candy,"35,000",1212,
tam digestive,snacks and candy,"17,000",501,
take 5 bar,snacks and candy,"25,000",225,
Take 5 3 fingers,snacks and candy,"15,000",6924514652235,
Tageez Gum,snacks and candy,"15,000",6924514652320,
TAG chocolate coated cream,snacks and candy,"15,000",6924514651684,
SWISS ROLL SMALL,snacks and candy,"20,000",6924514651402,
super roll,snacks and candy,"20,000",441,
sunshine chips 45gr,snacks and candy,"90,000",6924514651516,
suffle cake,snacks and candy,"25,000",230,
star standard,snacks and candy,"8,000",428,
star hazelnut,snacks and candy,"8,000",446,
LEBON saltz cracker,snacks and candy,"20,000",1258,
sour stick yummy gummy,snacks and candy,"16,000",689,
sour shox,snacks and candy,"2,000",604,
sour patch kids 80 gr,snacks and candy,"30,000",1638,
sour patch kids 40 gr,snacks and candy,"25,000",6924514651471,
soccer gummy,snacks and candy,"15,000",997,
snickers 40g,snacks and candy,"55,000",1204,
Snickers,snacks and candy,"65,000",159,
shox bar caramel,snacks and candy,"10,000",606,
LEBON oops chocolate,snacks and candy,"15,000",1257,
lollipop stick,snacks and candy,"25,000",6924514651432,
Le Professeur Chocolate Bar,snacks and candy,"180,000",1423,
chocola special 450g,snacks and candy,"400,000",252194,
chocodip,snacks and candy,"10,000",6924514651641,
lebon digestive chocolate,snacks and candy,"20,000",971,
choco roll,snacks and candy,"13,000",220,
choco rio strawberry,snacks and candy,"13,000",429,
choco Prince,snacks and candy,"40,000",880,
choco pico,snacks and candy,"23,000",242,
chivito gum,snacks and candy,"15,000",875,
chewing gum,snacks and candy,"11,000",211,
Cheque Gum,snacks and candy,"15,000",1609,
Carre Dor,snacks and candy,"20,000",1363,
candy trustline  sabot,snacks and candy,"10,000",658,
Candy Cloud Cotton ,snacks and candy,"50,000",1290,
Candy 20,snacks and candy,"20,000",1587,
candy 15,snacks and candy,"15,000",6924514651626,
Calipain Chocolate Rice Cake,snacks and candy,"45,000",252184,
Calipain choco biscuits,snacks and candy,"20,000",252183,
cake fruit small,snacks and candy,"6,000",172,
Cake bitar,snacks and candy,"20,000",6924514651795,
cadoo,snacks and candy,"12,000",180,
cadeau white blue,snacks and candy,"20,000",6924514651460,
Cadbury Sandwich 22g,snacks and candy,"80,000",1442,
Cadbury Dairy milk 9g,snacks and candy,"20,000",6924514652369,
cadbury coated oreo,snacks and candy,"35,000",6924514651453,
buzzybol ,snacks and candy,"3,000",6924514651547,
butter cookies,snacks and candy,"7,000",693,
bubbly dairy milk 28g,snacks and candy,"40,000",521,
bubble gum soft drink ,snacks and candy,"10,000",1075,
bubble gum roll,snacks and candy,"19,000",1199,
chocolate chip cookies ,snacks and candy,"75,000",803,
break time,snacks and candy,"15,000",1035,
Chocotrips Wafer,snacks and candy,"35,000",1604,
chupa chups babol,snacks and candy,"50,000",1278,
Dairy Milk Marvellous 30g,snacks and candy,"75,000",1443,
dairy milk bubbly 13g,snacks and candy,"25,000",942,
Daim 28g,snacks and candy,"60,000",6924514651785,
dabke ghandour,snacks and candy,"15,000",343,
cup cake hallab ,snacks and candy,"55,000",6924514651970,
crusty mini croissant 40g,snacks and candy,"30,000",1581,
crunch milk chocolate,snacks and candy,"35,000",1054,
crunch chocolate,snacks and candy,"55,000",1055,
croissant 7 days 40 gr,snacks and candy,"45,000",6924514651473,
crax Eti,snacks and candy,"35,000",1013,
Cote Dor noir 47g,snacks and candy,"100,000",1434,
Cote Dor Chocolate 10g,snacks and candy,"30,000",1414,
cosbei prince,snacks and candy,"20,000",635,
corn flakes poppins choco 750g,snacks and candy,"650,000",6924514652318,
corn flakes poppins choco 500g,snacks and candy,"470,000",1740,
corn flakes poppins 20g,snacks and candy,"25,000",1151,
corn flakes poppins 1kg,snacks and candy,"700,000",1741,
Copa Chocolate Balls,snacks and candy,"20,000",1533,
cookmealy brokar,snacks and candy,"5,000",698,
cookies sweet ,snacks and candy,"5,000",656,
clorets gum,snacks and candy,"5,000",465,
clorets big,snacks and candy,"30,000",928,
cin jelly biscuit,snacks and candy,"20,000",532,
chupa chups tennis balls,snacks and candy,"5,000",6924514651936,
Chupa Chups sour Tubes 24g,snacks and candy,"40,000",1415,
chupa chups sour belts,snacks and candy,"20,000",1276,
chupa chups mini tubes,snacks and candy,"60,000",6924514651583,
chupa chups melody fruits,snacks and candy,"50,000",1277,
chupa chups lollipop,snacks and candy,"20,000",1197,
chocoway,snacks and candy,"19,000",1185,
Damla Bonbon 630g,snacks and candy,"300,000",6924514652044,
break rizzo 28g,snacks and candy,"27,000",1029,
break 4 fingers,snacks and candy,"25,000",1030,
Bebeto jelly gum 80g,snacks and candy,"70,000",6924514651642,
bebeto jelly gum 18g,snacks and candy,"20,000",1274,
Bebeto Ben 10,snacks and candy,"30,000",6924514651413,
bake rolls,snacks and candy,"30,000",201,
Baida Popping candy,snacks and candy,"20,000",252198,
Apella Bisky,snacks and candy,"15,000",252192,
ANI kraker salted sticks,snacks and candy,"10,000",1792,
angela bold cake,snacks and candy,"21,000",862,
Amarin Cookies and cake,snacks and candy,"10,000",768,
Alpella wafer,snacks and candy,"20,000",155,
alpella nuga bar,snacks and candy,"15,000",200,
Albeni Roll,snacks and candy,"60,000",178,
albeni mix max,snacks and candy,"69,000",1117,
albeni disabled item,snacks and candy,"28,000",231,
albeni cappuccino and white,snacks and candy,"30,000",6924514651963,
Albeni Cake,snacks and candy,"45,000",203,
albeni bar,snacks and candy,"35,000",440,
al awael snacks,snacks and candy,"10,000",6924514651619,
Al Amin Kunafa Pistachio Chocolate Bar,snacks and candy,"800,000",6924514652338,
aila wafer,snacks and candy,"15,000",615,
aila crunchy Wafer 40g,snacks and candy,"40,000",1742,
aila Chocolate,snacks and candy,"50,000",706,
aila bars,snacks and candy,"35,000",668,
adicto intense,snacks and candy,"50,000",1010,
adicto cake gold,snacks and candy,"35,000",498,
adicto brownie,snacks and candy,"40,000",1009,
4 you small wafer,snacks and candy,"5,200",6924514651767,
2 Poppins corn flakes gift,snacks and candy,"600,000",1625,
 silca popping candy ,snacks and candy,"7,000",932,
Bee Cookies 30g,snacks and candy,"25,000",1467,
Break rizzo,snacks and candy,"15,000",430,
Bembo Dragees filled,snacks and candy,"25,000",6924514651437,
Bembo long sour belt,snacks and candy,"15,000",6924514651440,
bounty,snacks and candy,"65,000",317,
borello coin,snacks and candy,"14,000",223,
bonucci cake,snacks and candy,"26,000",874,
Bono Star,snacks and candy,"15,000",6924514651723,
Bono Samiri,snacks and candy,"5,000",1351,
Bono Coated hibono x20,snacks and candy,"15,000",6924514651726,
Bono Cake,snacks and candy,"40,000",6924514651724,
Blizzard Cake,snacks and candy,"40,000",252211,
Bitar Dates 90g,snacks and candy,"25,000",6924514651856,
Bitar Brownie chocolate,snacks and candy,"30,000",6924514651825,
bissroll,snacks and candy,"15,000",224,
biskrem roll 50%,snacks and candy,"70,000",6924514651385,
Biscolata Veni,snacks and candy,"45,000",1565,
biscolata nirvana,snacks and candy,"25,000",1043,
Biscolata Mood,snacks and candy,"65,000",6924514651874,
big m wafer hazelnut cream ,snacks and candy,"15,000",6924514651708,
big m snack,snacks and candy,"25,000",636,
Big m Mega Wafer,snacks and candy,"20,000",252191,
Big m Crunchy Chocolate,snacks and candy,"20,000",252190,
Big m Crunch,snacks and candy,"25,000",1636,
Big m Cremeo,snacks and candy,"20,000",1574,
Big m Cookies ,snacks and candy,"20,000",6924514652208,
big m caramel bar,snacks and candy,"25,000",935,
big m bars,snacks and candy,"12,000",202,
big break,snacks and candy,"25,000",1034,
Berna Chocolate,snacks and candy,"20,000",213,
bence chocolate,snacks and candy,"6,000",695,
Bembo sour rope,snacks and candy,"15,000",6924514651438,
Bembo sour belt and filed  70gr,snacks and candy,"50,000",6924514651439,
Bembo funny lollypop,snacks and candy,"50,000",6924514651441,
Dankek Ulker 45g,snacks and candy,"50,000",1403,
Choco tido biscuit 18g,snacks and candy,"15,000",6924514651866,
delikit chocolate wafer,snacks and candy,"24,000",1129,
Junior Mni Croissant,snacks and candy,"40,000",252174,
jouy  crispy wafers ,snacks and candy,"15,000",6924514651348,
Jordina shoot,snacks and candy,"10,000",1355,
JORDINA CAKE SMALL,snacks and candy,"20,000",6924514651401,
jordina cake 150g,snacks and candy,"60,000",1011,
jelly me,snacks and candy,"5,000",6924514651773,
jelly cup,snacks and candy,"25,000",1192,
jelido,snacks and candy,"9,000",1056,
jannaty coconut cookies,snacks and candy,"14,000",502,
invite cake,snacks and candy,"17,000",863,
I Zream dip,snacks and candy,"75,000",6924514651537,
hysteria,snacks and candy,"20,000",936,
Hulkie Jood Chocolate,snacks and candy,"15,000",1523,
hersheys cookies n cream small ,snacks and candy,"30,000",6924514651518,
Help biscuits,snacks and candy,"12,000",774,
hello milk chocolate karim,snacks and candy,"15,000",859,
hello croissant ,snacks and candy,"15,000",946,
Hawana Nuts Bar 50g,snacks and candy,"35,000",6924514651952,
happy donuts cake,snacks and candy,"15,000",233,
halls 22g,snacks and candy,"35,000",945,
Halley 33g,snacks and candy,"20,000",6924514651889,
Hallab Maamoul Dates,snacks and candy,"50,000",1509,
haley roll,snacks and candy,"50,000",177,
GTI Eisberg,snacks and candy,"15,000",6924514651763,
Gretta,snacks and candy,"11,000",188,
Gong rice cake honey,snacks and candy,"45,000",641,
Gong rice cake,snacks and candy,"40,000",193,
golyano bonbon,snacks and candy,"10,000",873,
Golden Sweet Cake ,snacks and candy,"180,000",6924514652298,
karam baalbek dark,snacks and candy,"12,000",973,
gofret torku wafer,snacks and candy,"20,000",864,
karmachyeh al amal,snacks and candy,"150,000",252231,
Kek cake fruit big size,snacks and candy,"80,000",171,
LBM Tea Time 90g,snacks and candy,"40,000",6924514652189,
LBM Sableh and Ptit Matin 115g,snacks and candy,"60,000",6924514652132,
LBM Amandier almonds 90g,snacks and candy,"50,000",6924514652190,
Laviva chocolate wafer,snacks and candy,"50,000",1808,
Laviva Chocolate Pistachio,snacks and candy,"85,000",1809,
Laviva,snacks and candy,"45,000",170,
lavian cintu gum ,snacks and candy,"5,000",6924514652210,
lasenza bonbon,snacks and candy,"15,000",939,
lanew b max e5 onex horizon,snacks and candy,"10,000",871,
lambada croissant,snacks and candy,"20,000",1019,
kresko Bear,snacks and candy,"20,000",252224,
kremali,snacks and candy,"15,000",781,
kopiko bonbon  sachet 17g,snacks and candy,"20,000",6924514651329,
kombo,snacks and candy,"60,000",192,
knockers,snacks and candy,"20,000",696,
kittir choco,snacks and candy,"6,000",692,
KitKat chunky,snacks and candy,"50,000",189,
KitKat bars,snacks and candy,"70,000",161,
King1 wafer ,snacks and candy,"25,000",6924514652099,
king POP lollipop ,snacks and candy,"10,000",6924514651505,
Kinder Surprise 20g,snacks and candy,"120,000",6924514652198,
kinder riegel,snacks and candy,"34,000",1037,
kinder joy 20g,snacks and candy,"80,000",885,
kinder delice ,snacks and candy,"60,000",6924514651517,
Kinder Cards,snacks and candy,"60,000",6924514651997,
Kinder bueno,snacks and candy,"80,000",166,
dark blue wafer,snacks and candy,"20,000",6924514651377,
kids jado 5000,snacks and candy,"5,000",1422,
keks cake,snacks and candy,"14,000",234,
Karuzo 82g,snacks and candy,"70,000",6924514652214,
GoFesta 30,snacks and candy,"30,000",252247,
Kinder bars,snacks and candy,"85,000",187,
ghazle cotton candy queen sweet,snacks and candy,"50,000",876,
equia peanut & sesame bar no suggar 40g,snacks and candy,"35,000",252161,
equia high protein bar plain 35g,snacks and candy,"220,000",252163,
equia coconut bar no suggar 40g,snacks and candy,"50,000",252160,
equia Chia bar no suggar 40g,snacks and candy,"60,000",252208,
Enjoy white vermicelli,snacks and candy,"70,000",6924514651729,
Enjoy wafer,snacks and candy,"10,000",1014,
Enjoy dark vermicelli,snacks and candy,"100,000",6924514651730,
ender cosmilk,snacks and candy,"23,000",937,
Elvan bonbon 300g,snacks and candy,"118,000",1188,
ElMaestro Chocolate Bar Christnas edition,snacks and candy,"450,000",1547,
elephants 80g,snacks and candy,"85,000",1123,
Elegance Biscotto,snacks and candy,"20,000",6924514652102,
El Maestro Bar,snacks and candy,"300,000",6924514652087,
Duo Biscuits,snacks and candy,"90,000",1208,
Dream smart choco 22g,snacks and candy,"25,000",6924514651865,
Dragon wafer ,snacks and candy,"20,000",6924514651946,
Dragon Baked pillow,snacks and candy,"10,000",6924514651699,
dr food wafer,snacks and candy,"34,000",860,
dona wafer karim,snacks and candy,"12,000",858,
diva eclair's original bonbonbag ,snacks and candy,"100,000",6924514651966,
digestive mastro ,snacks and candy,"30,000",627,
Digesta choco cream 100g,snacks and candy,"40,000",6924514651863,
demolino,snacks and candy,"17,000",1062,
deluxe gold wafer ,snacks and candy,"20,000",6924514651960,
Deluxe Chocolate 30,snacks and candy,"30,000",1657,
Deluxe Chocolate 25,snacks and candy,"25,000",1655,
Deluxe Chocolate 20,snacks and candy,"20,000",1654,
Deluxe Chocolate 10,snacks and candy,"10,000",1653,
Go ON Protein Bar,snacks and candy,"130,000",252106,
equia rice bite chocolate NAS 35g,snacks and candy,"60,000",252164,
equia rice bite fruits & chocolate NAS 30g,snacks and candy,"70,000",252165,
equia oat crackers 50g,snacks and candy,"60,000",252159,
Erko IceCream Mallow,snacks and candy,"30,000",6924514652007,
Ghandour Wafer Chocoate,snacks and candy,"30,000",1660,
Ghandour Halawa cookies,snacks and candy,"25,000",1683,
galaxy gum ,snacks and candy,"10,000",6924514651457,
galaxy flutes 11g,snacks and candy,"25,000",1381,
Galaxy Chocolate 36g,snacks and candy,"80,000",6924514651994,
Galaxy Chocolate 18g,snacks and candy,"35,000",1688,
Furlak Marshmallow cups,snacks and candy,"25,000",1545,
fruitat orange,snacks and candy,"7,000",607,
freegells,snacks and candy,"15,000",212,
forte cookies,snacks and candy,"19,000",1113,
Flio dr food,snacks and candy,"340,000",6924514651452,
Erko Gummy Mallow rolls,snacks and candy,"20,000",6924514651415,
Flake Chocolate 15g,snacks and candy,"30,000",6924514652223,
Fiori chocolate,snacks and candy,"30,000",613,
Fiorella crunch wafer,snacks and candy,"8,000",163,
flake chocolate 32 gr,snacks and candy,"50,000",6924514651472,
figaro marshmallow,snacks and candy,"30,000",252275,
Erko Mallow grape,snacks and candy,"20,000",6924514651416,
Erko Malo-jely 17g,snacks and candy,"20,000",6924514652272,
erko stick medium 13g,snacks and candy,"20,000",6924514651326,
Fiorella Bar chocolate,snacks and candy,"20,000",422,
ETI adicto intense bag 144g,snacks and candy,"280,000",6924514651328,
ETI Adicto Milk Chocolate 65g,snacks and candy,"110,000",6924514652275,
ETI Gong Pops 80g,snacks and candy,"150,000",6924514652273,
ETI adicto hazelnut 200g,snacks and candy,"280,000",6924514651327,
Eti Pop Kek patisserie 200g,snacks and candy,"160,000",6924514651755,
ETI Tutku 40g,snacks and candy,"30,000",6924514651585,
Eti wafe up choco coated,snacks and candy,"35,000",6924514651756,
Ferrero Rocher 200gr x16,snacks and candy,"45,000",6924514651782,
fiarina sandwich biscuit dark,snacks and candy,"19,000",865,
fierro cake siti ,snacks and candy,"20,000",987,
Selena sweet,sweets,"45,000",6924514651849,
Taj Halawa Cotton 250g,sweets,"320,000",6924514652136,
swizzy cake,sweets,"30,000",1586,
sugar aminco,sweets,"74,000",371,
Srour Halawa Nuts Extra,sweets,"600,000",252267,
Srour Halawa 800g,sweets,"420,000",252263,
Sit n Dip chocolate spread 500g,sweets,"250,000",6924514651977,
Uno Chocolate Spread 750g,sweets,"340,000",252225,
Nestle sweetened Creamer 370g,sweets,"250,000",6924514652160,
Domo Castard Chocolate 200g,sweets,"150,000",1744,
Loukoum Ghandour musky 454g,sweets,"180,000",1703,
halawa M chtoura 400g,sweets,"134,000",321,
Ghandour Halawa 454g,sweets,"230,000",1770,
Beit El Safa Halawa Pistachio 400g,sweets,"260,000",6924514652347,
Beit El Safa Halawa 400g,sweets,"150,000",1402,
Avila Coconut light 200g,sweets,"100,000",1712,
al andaleeb 35,sweets,"35,000",6924514651878,
Ajin Cake ,sweets,"150,000",252251,
Maple Jelly,sweets,"50,000",252240,
Mesto Papers 1Kg x10,towels and feminine care,"30,000",6924514651797,
Mesto Toilet Roll 10,towels and feminine care,"240,000",6924514652291,
Private Green Normal 20+10Free,towels and feminine care,"180,000",6924514652144,
Private Normal Green x10,towels and feminine care,"100,000",6924514652124,
Puffies women pads,towels and feminine care,"50,000",6924514652178,
Rosana Interfold Dry Wipe,towels and feminine care,"50,000",1800,
rosana toilet 4 roll,towels and feminine care,"100,000",393,
Sama Tex towels 1.5,towels and feminine care,"40,000",6924514651386,
Salfa Tissues 200 MOD,towels and feminine care,"40,000",1739,
Sama Tex 4.5,towels and feminine care,"90,000",6924514651387,
Mesto Meaga Roll x4,towels and feminine care,"260,000",6924514652202,
soft skin Double,towels and feminine care,"50,000",1098,
Toilet Paper vivo 18 rolls,towels and feminine care,"220,000",6924514651796,
Vatika Cream 140 ml,towels and feminine care,"150,000",1417,
Vivo Toilet Roll Paper x4,towels and feminine care,"50,000",1585,
wipes El sada,towels and feminine care,"25,000",684,
Rotana Towels 1000g,towels and feminine care,"200,000",6924514651940,
libresse maxi super 6 pcs,towels and feminine care,"80,000",1284,
private green egyptian,towels and feminine care,"55,000",267,
king toilet roll white,towels and feminine care,"92,000",271,
Libresse Carton Blue x14,towels and feminine care,"100,000",252229,
Adore Towels ,towels and feminine care,"20,000",6924514651938,
Always Maxi Women Pads Double ,towels and feminine care,"160,000",6924514652203,
Art Care wipes x90,towels and feminine care,"70,000",619,
bonjour pads ,towels and feminine care,"60,000",6924514651499,
cleano toilet paper,towels and feminine care,"49,000",114,
El sada baby wipes,towels and feminine care,"75,000",6924514651531,
Elegance Anti-Bacterial Wipes 72pcs,towels and feminine care,"60,000",1779,
carmel dishwashing 700ml,towels and feminine care,"90,000",553,
Epilator,towels and feminine care,"200,000",1777,
elsada tanning oil 250ml,towels and feminine care,"316,000",1229,
ibiza shampoo 750ml,towels and feminine care,"130,000",563,
IBIZA conditionner 750ml,towels and feminine care,"150,000",1023,
hand sanitizer el sada 60ml ,towels and feminine care,"30,000",6924514651686,
king 450g,towels and feminine care,"100,000",79,
Ghonson Baby Wipes,towels and feminine care,"140,000",1778,
freshdays long blue 72,towels and feminine care,"350,000",391,
gipsy wipes 100sh,towels and feminine care,"170,000",438,
light ball,toys,"100,000",1308,
water machine boys,toys,"49,000",1140,
Toy Car18,toys,"100,000",1775,
Toy Candy ,toys,"150,000",1772,
spiderman car,toys,"95,000",1088,
slaym medium size,toys,"50,000",6924514651545,
puzzle chinese,toys,"247,000",1134,
Lazer and gun,toys,"50,000",1774,
water machine girls,toys,"59,000",1141,
KidsMania Flash Pop,toys,"160,000",6924514652073,
gaz ball,toys,"100,000",1307,
FootBall,toys,"500,000",1310,
fire truck toy,toys,"93,000",1137,
Car motorcycle toy,toys,"100,000",1138,
car egg,toys,"100,000",1776,
blow bubble,toys,"15,000",6924514651640,
ball with belt,toys,"120,000",1306,
KidsMania Pop and Catch,toys,"180,000",6924514652072,
yoyo,toys,"50,000",1190,
aquafresh ToothPaste,,"120,000",252143,
ayran kallas,,"50,000",252124,
biscoto 6pc,,"100,000",252141,
Bonjus Mini sandwich IceCream,,"30,000",1709,
chihine pain au lait,,"50,000",252146,
cool break ice queen,,"40,000",252132,
cream maatouk coated,,"120,000",252195,
croissant pronto,,"30,000",252150,
delor sweet corn 340g,,"70,000",252262,
domo caramel 70g,,"80,000",252131,
eggs 25,,"25,000",252110,
family cake pronto,,"120,000",252149,
family duo pronto,,"200,000",252148,
fine conentrate spartan,,"60,000",252257,
freska,,"15,000",252115,
inci 1L,,"180,000",252129,
jhonson baby soap,,"50,000",252145,
Lamar clambed fingers,,"100,000",252158,
Le Professeur Chocolate 33g,,"50,000",1535,
look me pistachio,,"30,000",252250,
mesto big,,"55,000",252157,
nussini milka,,"50,000",252114,
panino cookies,,"25,000",1768,
pop up 330ml,,"30,000",252147,
Ravina sweets,,"20,000",1646,
sahbat,,"30,000",5287002008073,
sedra ,,"15,000",252259,
Sensodyne nourish ToothBrush x3,,"150,000",252144,
srour halawa 400 g,,"250,000",252268,
super more ph  950 ml,,"100,000",252256,
tio,,"15,000",252118,
uno ananas,,"100,000",252130,
Zein Candy cornet,,"50,000",252089,